<?xml version="1.0" encoding="UTF-8"?>
<Template schemaLocation="http://morfeo-project.org/2007/Template">
<!-- Meta tags define gadgets properties -->
	<Catalog.ResourceDescription>
		<Vendor>Morfeo</Vendor>
		<Name>FAST Gadget</Name>
		<Version>1.0</Version>
		<Author>Your Author name</Author>
		<Mail>email@yourcompany.com</Mail>
		<Description>Write your description here...</Description>
		<ImageURI>http://demo.ezweb.morfeo-project.org/repository/fast/amazon/amazon.png</ImageURI>
		<WikiURI>http://ezweb.morfeo-project.org/</WikiURI>
	</Catalog.ResourceDescription>
<!-- EzWeb Gadgets Tags -->
	<Platform.Preferences>
	</Platform.Preferences>
<!-- EzWeb Gadget Persistent State -->
	<Platform.StateProperties>
	</Platform.StateProperties>
<!-- EzWeb Gadget Data Wiring -->
	<Platform.Wiring>
	
	
	</Platform.Wiring>
	<Platform.Link>
		<XHTML href="http://yourserver.com/gadgets/FASTGadget.html" />
	</Platform.Link>
	<Platform.Rendering width="10" height="38" />
</Template>